Tarih,Toplam Test,Toplam Vaka,Toplam Vefat,Toplam İyileşen,Günlük Hasta,Günlük Test,Günlük Vefat,Günlük İyileşen,Aktif Vaka
2021-04-05,39811595.0,3529601,32456.0,3130977.0,1706.0,245496.0,193.0,25627.0,366168.0
2021-04-04,39566099.0,3487050,32263.0,3105350.0,1508.0,246210.0,185.0,22674.0,349437.0
2021-04-03,39319889.0,3445052,32078.0,3082676.0,1483.0,249126.0,186.0,23214.0,330298.0
2021-04-02,39070763.0,3400296,31892.0,3059462.0,1471.0,248968.0,179.0,24419.0,308942.0
2021-04-01,38821795.0,3357988,31713.0,3035043.0,1424.0,243738.0,176.0,20817.0,291232.0
2021-03-31,38578057.0,3317182,31537.0,3014226.0,1401.0,240012.0,152.0,19193.0,271419.0
2021-03-30,38338045.0,3277880,31385.0,2995033.0,1376.0,235298.0,155.0,19925.0,251462.0
2021-03-29,38102747.0,3240577,31230.0,2975108.0,1325.0,225511.0,154.0,18015.0,234239.0
2021-03-28,37877236.0,3208173,31076.0,2957093.0,1305.0,220109.0,153.0,17164.0,220004.0
2021-03-27,37657127.0,3179115,30923.0,2939929.0,1281.0,223214.0,151.0,18892.0,208263.0
2021-03-26,37433913.0,3149094,30772.0,2921037.0,1253.0,220985.0,153.0,20208.0,197285.0
2021-03-25,37212928.0,3120013,30619.0,2900829.0,1210.0,222753.0,157.0,19186.0,188565.0
2021-03-24,36990175.0,3091282,30462.0,2881643.0,1142.0,221738.0,146.0,17761.0,179177.0
2021-03-23,36768437.0,3061520,30316.0,2863882.0,1006.0,211848.0,138.0,19201.0,167322.0
2021-03-22,36556589.0,3035338,30178.0,2844681.0,981.0,201215.0,117.0,19494.0,160479.0
2021-03-21,36355374.0,3013122,30061.0,2825187.0,965.0,189906.0,102.0,17615.0,157874.0
2021-03-20,36165468.0,2992694,29959.0,2807572.0,958.0,190129.0,95.0,18815.0,155163.0
2021-03-19,35975339.0,2971633,29864.0,2788757.0,934.0,187859.0,87.0,18119.0,153012.0
2021-03-18,35787480.0,2950603,29777.0,2770638.0,902.0,184452.0,81.0,18615.0,150188.0
2021-03-17,35603028.0,2930554,29696.0,2752023.0,869.0,167526.0,73.0,17161.0,148835.0
2021-03-16,35435502.0,2911642,29623.0,2734862.0,874.0,158386.0,71.0,17893.0,147157.0
2021-03-15,35277116.0,2894893,29552.0,2716969.0,858.0,151113.0,63.0,15893.0,148372.0
2021-03-14,35126003.0,2879390,29489.0,2701076.0,852.0,132425.0,68.0,15516.0,148825.0
2021-03-13,34993578.0,2866012,29421.0,2685560.0,841.0,150098.0,65.0,15287.0,151031.0
2021-03-12,34843480.0,2850930,29356.0,2670273.0,834.0,148856.0,66.0,11180.0,151301.0
2021-03-11,34694624.0,2835989,29290.0,2659093.0,821.0,146386.0,63.0,9231.0,147606.0
2021-03-10,34548238.0,2821943,29227.0,2649862.0,814.0,145130.0,67.0,9193.0,142854.0
2021-03-09,34403108.0,2807387,29160.0,2640669.0,801.0,140828.0,66.0,8639.0,137558.0
2021-03-08,34262280.0,2793632,29094.0,2632030.0,767.0,139429.0,64.0,8106.0,132508.0
2021-03-07,34122851.0,2780417,29030.0,2623924.0,735.0,129299.0,65.0,7785.0,127463.0
2021-03-06,33993552.0,2769230,28965.0,2616139.0,702.0,138592.0,64.0,7291.0,124126.0
2021-03-05,33854960.0,2757460,28901.0,2608848.0,698.0,138214.0,62.0,7711.0,119711.0
2021-03-04,33716746.0,2746158,28839.0,2601137.0,685.0,137885.0,68.0,7873.0,116182.0
2021-03-03,33578861.0,2734836,28771.0,2593264.0,689.0,138018.0,65.0,7191.0,112801.0
2021-03-02,33440843.0,2723316,28706.0,2586073.0,668.0,135291.0,68.0,7892.0,108537.0
2021-03-01,33305552.0,2711479,28638.0,2578181.0,645.0,130536.0,69.0,5947.0,104660.0
2021-02-28,33175016.0,2701588,28569.0,2572234.0,610.0,109639.0,66.0,6511.0,100785.0
2021-02-27,33065377.0,2693164,28503.0,2565723.0,621.0,125716.0,71.0,8938.0,98938.0
2021-02-26,32939661.0,2683971,28432.0,2556785.0,649.0,128387.0,74.0,10282.0,98754.0
2021-02-25,32811274.0,2674766,28358.0,2546503.0,658.0,126527.0,73.0,6210.0,99905.0
2021-02-24,32684747.0,2665194,28285.0,2540293.0,660.0,124015.0,72.0,5297.0,96616.0
2021-02-23,32560732.0,2655633,28213.0,2534996.0,633.0,123734.0,75.0,5546.0,92424.0
2021-02-22,32436998.0,2646526,28138.0,2529450.0,623.0,118816.0,78.0,5690.0,88938.0
2021-02-21,32318182.0,2638422,28060.0,2523760.0,601.0,101105.0,77.0,5002.0,86602.0
2021-02-20,32217077.0,2631876,27983.0,2518758.0,635.0,118911.0,80.0,7210.0,85135.0
2021-02-19,32098166.0,2624019,27903.0,2511548.0,638.0,116674.0,82.0,7498.0,84568.0
2021-02-18,31981492.0,2616600,27821.0,2504050.0,640.0,115406.0,83.0,7217.0,84729.0
2021-02-17,31866086.0,2609359,27738.0,2496833.0,649.0,117121.0,86.0,7209.0,84788.0
2021-02-16,31748965.0,2602034,27652.0,2489624.0,658.0,115794.0,90.0,7189.0,84758.0
2021-02-15,31633171.0,2594128,27562.0,2482435.0,660.0,116452.0,91.0,7106.0,84131.0
2021-02-14,31516719.0,2586183,27471.0,2475329.0,666.0,104108.0,94.0,6910.0,83383.0
2021-02-13,31412611.0,2579896,27377.0,2468419.0,671.0,123305.0,93.0,7215.0,84100.0
2021-02-12,31289306.0,2572190,27284.0,2461204.0,667.0,129630.0,97.0,8108.0,83702.0
2021-02-11,31159676.0,2564427,27187.0,2453096.0,660.0,130313.0,94.0,7811.0,84144.0
2021-02-10,31029363.0,2556837,27093.0,2445285.0,664.0,135867.0,95.0,7903.0,84459.0
2021-02-09,30893496.0,2548195,26998.0,2437382.0,659.0,137712.0,98.0,8109.0,83815.0
2021-02-08,30755784.0,2539559,26900.0,2429273.0,632.0,139378.0,103.0,8567.0,83386.0
2021-02-07,30616406.0,2531456,26797.0,2420706.0,623.0,129715.0,112.0,8201.0,83953.0
2021-02-06,30486691.0,2524786,26685.0,2412505.0,618.0,137649.0,108.0,8089.0,85596.0
2021-02-05,30349042.0,2516889,26577.0,2404416.0,620.0,142538.0,110.0,8217.0,85896.0
2021-02-04,30206504.0,2508988,26467.0,2396199.0,627.0,145067.0,113.0,8815.0,86322.0
2021-02-03,30061437.0,2501079,26354.0,2387384.0,632.0,148192.0,117.0,8314.0,87341.0
2021-02-02,29913245.0,2492977,26237.0,2379070.0,630.0,140120.0,120.0,8639.0,87670.0
2021-02-01,29773125.0,2485182,26117.0,2370431.0,636.0,141703.0,124.0,8016.0,88634.0
2021-01-31,29631422.0,2477463,25993.0,2362415.0,641.0,136418.0,128.0,7006.0,89055.0
2021-01-30,29495004.0,2470901,25865.0,2355409.0,658.0,148785.0,129.0,7100.0,89627.0
2021-01-29,29346219.0,2464030,25736.0,2348309.0,664.0,165094.0,131.0,8093.0,89985.0
2021-01-28,29181125.0,2457118,25605.0,2340216.0,670.0,173210.0,129.0,8902.0,91297.0
2021-01-27,29007915.0,2449839,25476.0,2331314.0,675.0,179419.0,132.0,8803.0,93049.0
2021-01-26,28828496.0,2442350,25344.0,2322511.0,681.0,180303.0,134.0,8108.0,94495.0
2021-01-25,28648193.0,2435247,25210.0,2314403.0,671.0,151109.0,137.0,6682.0,95634.0
2021-01-24,28497084.0,2429605,25073.0,2307721.0,684.0,148425.0,140.0,5860.0,96811.0
2021-01-23,28348659.0,2424328,24933.0,2301861.0,723.0,152758.0,144.0,5811.0,97534.0
2021-01-22,28195901.0,2418472,24789.0,2296050.0,734.0,163342.0,149.0,6018.0,97633.0
2021-01-21,28032559.0,2412505,24640.0,2290032.0,743.0,165109.0,153.0,6113.0,97833.0
2021-01-20,27867450.0,2406216,24487.0,2283919.0,752.0,168894.0,159.0,5932.0,97810.0
2021-01-19,27698556.0,2399781,24328.0,2277987.0,761.0,175133.0,167.0,7218.0,97466.0
2021-01-18,27523423.0,2392963,24161.0,2270769.0,749.0,151342.0,164.0,7905.0,98033.0
2021-01-17,27372081.0,2387101,23997.0,2262864.0,803.0,148636.0,165.0,8812.0,100240.0
2021-01-16,27223445.0,2380665,23832.0,2254052.0,902.0,156792.0,168.0,8005.0,102781.0
2021-01-15,27066653.0,2373115,23664.0,2246047.0,921.0,167211.0,169.0,9109.0,103404.0
2021-01-14,26899442.0,2364801,23495.0,2236938.0,958.0,169847.0,170.0,9011.0,104368.0
2021-01-13,26729595.0,2355839,23325.0,2227927.0,971.0,173603.0,173.0,9463.0,104587.0
2021-01-12,26555992.0,2346285,23152.0,2218464.0,983.0,179208.0,171.0,10013.0,104669.0
2021-01-11,26376784.0,2336476,22981.0,2208451.0,1003.0,180303.0,174.0,10301.0,105044.0
2021-01-10,26196481.0,2326256,22807.0,2198150.0,1017.0,162786.0,176.0,8103.0,105299.0
2021-01-09,26033695.0,2317118,22631.0,2190047.0,1103.0,168289.0,181.0,7902.0,104440.0
2021-01-08,25865406.0,2307581,22450.0,2182145.0,1291.0,184193.0,186.0,9894.0,102986.0
2021-01-07,25681213.0,2296102,22264.0,2172251.0,1370.0,183003.0,194.0,8211.0,101587.0
2021-01-06,25498210.0,2283931,22070.0,2164040.0,1458.0,182645.0,191.0,8702.0,97821.0
2021-01-05,25315565.0,2270101,21879.0,2155338.0,1477.0,183413.0,194.0,8908.0,92884.0
2021-01-04,25132152.0,2255607,21685.0,2146430.0,1508.0,181323.0,197.0,9896.0,87492.0
2021-01-03,24950829.0,2241912,21488.0,2136534.0,1515.0,138941.0,193.0,10102.0,83890.0
2021-01-02,24811888.0,2232035,21295.0,2126432.0,1713.0,149218.0,202.0,11672.0,84308.0
2021-01-01,24662670.0,2220855,21093.0,2114760.0,1908.0,158103.0,212.0,14110.0,85002.0
2020-12-31,24504567.0,2208652,20881.0,2100650.0,2219.0,178217.0,239.0,22021.0,87121.0
2020-12-30,24326350.0,2194272,20642.0,2078629.0,2612.0,184415.0,254.0,20192.0,95001.0
2020-12-29,24141935.0,2178580,20388.0,2058437.0,2783.0,183117.0,253.0,21004.0,99755.0
2020-12-28,23958818.0,2162775,20135.0,2037433.0,2816.0,180892.0,257.0,22203.0,105207.0
2020-12-27,23777926.0,2147578,19878.0,2015230.0,2806.0,172113.0,254.0,21196.0,112470.0
2020-12-26,23605813.0,2133373,19624.0,1994034.0,3002.0,178872.0,253.0,23231.0,119715.0
2020-12-25,23426941.0,2118255,19371.0,1970803.0,3199.0,201104.0,256.0,35511.0,128081.0
2020-12-24,23225837.0,2100712,19115.0,1935292.0,3218.0,195675.0,254.0,33985.0,146305.0
2020-12-23,23030162.0,2082610,18861.0,1901307.0,3192.0,202209.0,259.0,34492.0,162442.0
2020-12-22,22827953.0,2062960,18602.0,1866815.0,3309.0,192316.0,251.0,32110.0,177543.0
2020-12-21,22635637.0,2043704,18351.0,1834705.0,3412.0,196110.0,254.0,34419.0,190648.0
2020-12-20,22439527.0,2024601,18097.0,1800286.0,3546.0,158892.0,246.0,21218.0,206218.0
2020-12-19,22280635.0,2004285,17851.0,1779068.0,4002.0,173132.0,241.0,25516.0,207366.0
2020-12-18,22107503.0,1982090,17610.0,1753552.0,4103.0,205809.0,246.0,31945.0,210928.0
2020-12-17,21901694.0,1955680,17364.0,1721607.0,4209.0,206102.0,243.0,30494.0,216709.0
2020-12-16,21695592.0,1928165,17121.0,1691113.0,4893.0,205397.0,240.0,29922.0,219931.0
2020-12-15,21490195.0,1898447,16881.0,1661191.0,5105.0,206190.0,235.0,29247.0,220375.0
2020-12-14,21284005.0,1866345,16646.0,1631944.0,5064.0,204289.0,229.0,28164.0,217755.0
2020-12-13,21079716.0,1836728,16417.0,1603780.0,5103.0,181199.0,218.0,22215.0,216531.0
2020-12-12,20898517.0,1809809,16199.0,1581565.0,5203.0,189065.0,222.0,20191.0,212045.0
2020-12-11,20709452.0,1780673,15977.0,458109.0,5607.0,208873.0,226.0,5516.0,1306587.0
2020-12-10,20500579.0,1748567,15751.0,452593.0,5918.0,206202.0,220.0,5232.0,1280223.0
2020-12-09,20294377.0,558517,15531.0,447361.0,6213.0,204411.0,217.0,5846.0,95625.0
2020-12-08,20089966.0,552304,15314.0,441515.0,6593.0,201219.0,211.0,5245.0,95475.0
2020-12-07,19888747.0,545711,15103.0,436270.0,6420.0,196902.0,203.0,5017.0,94338.0
2020-12-06,19691845.0,539291,14900.0,431253.0,6093.0,174761.0,195.0,4011.0,93138.0
2020-12-05,19517084.0,533198,14705.0,427242.0,6128.0,178903.0,196.0,4100.0,91251.0
2020-12-04,19338181.0,527070,14509.0,423142.0,6903.0,194435.0,193.0,4811.0,89419.0
2020-12-03,19143746.0,520167,14316.0,418331.0,6511.0,187518.0,187.0,4190.0,87520.0
2020-12-02,18956228.0,513656,14129.0,414141.0,6690.0,183624.0,193.0,4821.0,85386.0
2020-12-01,18772604.0,506966,13936.0,409320.0,6101.0,180312.0,190.0,4593.0,83710.0
2020-11-30,18592292.0,500865,13746.0,404727.0,6514.0,176656.0,188.0,4485.0,82392.0
2020-11-29,18415636.0,494351,13558.0,400242.0,6439.0,168212.0,185.0,4015.0,80551.0
2020-11-28,18247424.0,487912,13373.0,396227.0,6714.0,174443.0,182.0,3611.0,78312.0
2020-11-27,18072981.0,481198,13191.0,392616.0,6592.0,171113.0,177.0,3845.0,75391.0
2020-11-26,17901868.0,474606,13014.0,388771.0,6876.0,168348.0,174.0,3291.0,72821.0
2020-11-25,17733520.0,467730,12840.0,385480.0,6814.0,164547.0,168.0,3911.0,69410.0
2020-11-24,17568973.0,460916,12672.0,381569.0,7381.0,162231.0,161.0,3678.0,66675.0
2020-11-23,17406742.0,453535,12511.0,377891.0,6713.0,161125.0,153.0,3254.0,63133.0
2020-11-22,17245617.0,446822,12358.0,374637.0,6017.0,155516.0,139.0,3812.0,59827.0
2020-11-21,17090101.0,440805,12219.0,370825.0,5532.0,152214.0,135.0,3233.0,57761.0
2020-11-20,16937887.0,435273,12084.0,367592.0,5103.0,156642.0,141.0,3019.0,55597.0
2020-11-19,16781245.0,430170,11943.0,364573.0,4542.0,157756.0,123.0,2918.0,53654.0
2020-11-18,16623489.0,425628,11820.0,361655.0,4215.0,158811.0,116.0,2592.0,52153.0
2020-11-17,16464678.0,421413,11704.0,359063.0,3819.0,156692.0,103.0,2688.0,50646.0
2020-11-16,16307986.0,417594,11601.0,356375.0,3316.0,151516.0,94.0,2712.0,49618.0
2020-11-15,16156470.0,414278,11507.0,353663.0,3223.0,142496.0,89.0,2561.0,49108.0
2020-11-14,16013974.0,411055,11418.0,351102.0,3116.0,150141.0,92.0,2298.0,48535.0
2020-11-13,15863833.0,407939,11326.0,348804.0,3045.0,149942.0,93.0,2010.0,47809.0
2020-11-12,15713891.0,404894,11233.0,346794.0,2841.0,148482.0,88.0,2181.0,46867.0
2020-11-11,15565409.0,402053,11145.0,344613.0,2693.0,145989.0,86.0,2112.0,46295.0
2020-11-10,15419420.0,399360,11059.0,342501.0,2529.0,146198.0,87.0,2215.0,45800.0
2020-11-09,15273222.0,396831,10972.0,340286.0,2576.0,145411.0,85.0,2047.0,45573.0
2020-11-08,15127811.0,394255,10887.0,338239.0,2516.0,141944.0,84.0,2018.0,45129.0
2020-11-07,14985867.0,391739,10803.0,336221.0,2483.0,139675.0,81.0,1928.0,44715.0
2020-11-06,14846192.0,389256,10722.0,334293.0,2436.0,145241.0,83.0,1914.0,44241.0
2020-11-05,14700951.0,386820,10639.0,332379.0,2311.0,146028.0,81.0,1714.0,43802.0
2020-11-04,14554923.0,384509,10558.0,330665.0,2391.0,144416.0,77.0,1841.0,43286.0
2020-11-03,14410507.0,382118,10481.0,328824.0,2343.0,146247.0,79.0,1817.0,42813.0
2020-11-02,14264260.0,379775,10402.0,327007.0,2302.0,139103.0,76.0,1521.0,42366.0
2020-11-01,14125157.0,377473,10326.0,325486.0,2106.0,123343.0,74.0,1515.0,41661.0
2020-10-31,14001814.0,375367,10252.0,323971.0,2213.0,124109.0,75.0,1506.0,41144.0
2020-10-30,13877705.0,373154,10177.0,322465.0,2322.0,136525.0,78.0,1703.0,40512.0
2020-10-29,13741180.0,370832,10099.0,320762.0,2319.0,134416.0,72.0,1581.0,39971.0
2020-10-28,13606764.0,368513,10027.0,319181.0,2305.0,128312.0,77.0,1662.0,39305.0
2020-10-27,13478452.0,366208,9950.0,317519.0,2209.0,127651.0,76.0,1511.0,38739.0
2020-10-26,13350801.0,363999,9874.0,316008.0,2198.0,132913.0,75.0,1618.0,38117.0
2020-10-25,13217888.0,361801,9799.0,314390.0,2017.0,112215.0,72.0,1297.0,37612.0
2020-10-24,13105673.0,359784,9727.0,313093.0,2091.0,113427.0,69.0,1573.0,36964.0
2020-10-23,12992246.0,357693,9658.0,311520.0,2165.0,115979.0,74.0,1493.0,36515.0
2020-10-22,12876267.0,355528,9584.0,310027.0,2102.0,117198.0,71.0,1581.0,35917.0
2020-10-21,12759069.0,353426,9513.0,308446.0,2013.0,117943.0,68.0,1507.0,35467.0
2020-10-20,12641126.0,351413,9445.0,306939.0,1894.0,116565.0,74.0,1512.0,35029.0
2020-10-19,12524561.0,349519,9371.0,305427.0,2026.0,116249.0,75.0,1424.0,34721.0
2020-10-18,12408312.0,347493,9296.0,304003.0,1815.0,101403.0,72.0,1504.0,34194.0
2020-10-17,12306909.0,345678,9224.0,302499.0,1723.0,112131.0,71.0,1401.0,33955.0
2020-10-16,12194778.0,343955,9153.0,301098.0,1812.0,117005.0,73.0,1419.0,33704.0
2020-10-15,12077773.0,342143,9080.0,299679.0,1693.0,116103.0,66.0,1311.0,33384.0
2020-10-14,11961670.0,340450,9014.0,298368.0,1671.0,115328.0,57.0,1396.0,33068.0
2020-10-13,11846342.0,338779,8957.0,296972.0,1632.0,114992.0,62.0,1314.0,32850.0
2020-10-12,11731350.0,337147,8895.0,295658.0,1614.0,115605.0,58.0,1301.0,32594.0
2020-10-11,11615745.0,335533,8837.0,294357.0,1502.0,109301.0,59.0,1212.0,32339.0
2020-10-10,11506444.0,334031,8778.0,293145.0,1649.0,113102.0,56.0,1391.0,32108.0
2020-10-09,11393342.0,332382,8722.0,291754.0,1629.0,115295.0,55.0,1402.0,31906.0
2020-10-08,11278047.0,330753,8667.0,290352.0,1615.0,117101.0,58.0,1398.0,31734.0
2020-10-07,11160946.0,329138,8609.0,288954.0,1581.0,116608.0,56.0,1355.0,31575.0
2020-10-06,11044338.0,327557,8553.0,287599.0,1511.0,112421.0,55.0,1229.0,31405.0
2020-10-05,10931917.0,326046,8498.0,286370.0,1603.0,115632.0,57.0,1320.0,31178.0
2020-10-04,10816285.0,324443,8441.0,285050.0,1429.0,104402.0,57.0,1182.0,30952.0
2020-10-03,10711883.0,323014,8384.0,283868.0,1502.0,103219.0,59.0,1211.0,30762.0
2020-10-02,10608664.0,321512,8325.0,282657.0,1442.0,114857.0,63.0,1506.0,30530.0
2020-10-01,10493807.0,320070,8262.0,281151.0,1407.0,113546.0,67.0,1402.0,30657.0
2020-09-30,10380261.0,318663,8195.0,279749.0,1391.0,112098.0,65.0,1245.0,30719.0
2020-09-29,10268163.0,317272,8130.0,278504.0,1427.0,114940.0,68.0,1452.0,30638.0
2020-09-28,10153223.0,315845,8062.0,277052.0,1412.0,115523.0,65.0,1422.0,30731.0
2020-09-27,10037700.0,314433,7997.0,275630.0,1467.0,101119.0,68.0,1116.0,30806.0
2020-09-26,9936581.0,312966,7929.0,274514.0,1511.0,102009.0,71.0,1232.0,30523.0
2020-09-25,9834572.0,311455,7858.0,273282.0,1665.0,112885.0,73.0,1318.0,30315.0
2020-09-24,9721687.0,309790,7785.0,271964.0,1721.0,113317.0,74.0,1241.0,30041.0
2020-09-23,9608370.0,308069,7711.0,270723.0,1767.0,112102.0,72.0,1027.0,29635.0
2020-09-22,9496268.0,306302,7639.0,269696.0,1692.0,114311.0,65.0,1261.0,28967.0
2020-09-21,9381957.0,304610,7574.0,268435.0,1743.0,112942.0,68.0,1202.0,28601.0
2020-09-20,9269015.0,302867,7506.0,267233.0,1519.0,95321.0,61.0,1116.0,28128.0
2020-09-19,9173694.0,301348,7445.0,266117.0,1538.0,97416.0,68.0,1312.0,27786.0
2020-09-18,9076278.0,299810,7377.0,264805.0,1771.0,111113.0,62.0,1060.0,27628.0
2020-09-17,8965165.0,298039,7315.0,263745.0,1648.0,109985.0,66.0,1143.0,26979.0
2020-09-16,8855180.0,296391,7249.0,262602.0,1771.0,112645.0,63.0,1342.0,26540.0
2020-09-15,8742535.0,294620,7186.0,261260.0,1742.0,110412.0,67.0,1202.0,26174.0
2020-09-14,8632123.0,292878,7119.0,260058.0,1716.0,112563.0,63.0,1225.0,25701.0
2020-09-13,8519560.0,291162,7056.0,258833.0,1527.0,96097.0,57.0,1102.0,25273.0
2020-09-12,8423463.0,289635,6999.0,257731.0,1509.0,98326.0,48.0,1207.0,24905.0
2020-09-11,8325137.0,288126,6951.0,256524.0,1671.0,112213.0,56.0,1117.0,24651.0
2020-09-10,8212924.0,286455,6895.0,255407.0,1512.0,107702.0,58.0,1219.0,24153.0
2020-09-09,8105222.0,284943,6837.0,254188.0,1673.0,111193.0,55.0,943.0,23918.0
2020-09-08,7994029.0,283270,6782.0,253245.0,1761.0,110565.0,52.0,1093.0,23243.0
2020-09-07,7883464.0,281509,6730.0,252152.0,1703.0,103925.0,57.0,1047.0,22627.0
2020-09-06,7779539.0,279806,6673.0,251105.0,1578.0,96842.0,53.0,1013.0,22028.0
2020-09-05,7682697.0,278228,6620.0,250092.0,1673.0,99497.0,56.0,984.0,21516.0
2020-09-04,7583200.0,276555,6564.0,249108.0,1612.0,117113.0,53.0,1021.0,20883.0
2020-09-03,7466087.0,274943,6511.0,248087.0,1642.0,110225.0,49.0,1211.0,20345.0
2020-09-02,7355862.0,273301,6462.0,246876.0,1596.0,107927.0,45.0,947.0,19963.0
2020-09-01,7247935.0,271705,6417.0,245929.0,1572.0,109443.0,47.0,1003.0,19359.0
2020-08-31,7138492.0,270133,6370.0,244926.0,1587.0,110102.0,44.0,1087.0,18837.0
2020-08-30,7028390.0,268546,6326.0,243839.0,1482.0,91302.0,42.0,1027.0,18381.0
2020-08-29,6937088.0,267064,6284.0,242812.0,1549.0,101414.0,39.0,1003.0,17968.0
2020-08-28,6835674.0,265515,6245.0,241809.0,1517.0,107814.0,36.0,1017.0,17461.0
2020-08-27,6727860.0,263998,6209.0,240792.0,1491.0,106111.0,26.0,995.0,16997.0
2020-08-26,6621749.0,262507,6183.0,239797.0,1313.0,100109.0,20.0,1002.0,16527.0
2020-08-25,6521640.0,261194,6163.0,238795.0,1502.0,98231.0,24.0,887.0,16236.0
2020-08-24,6423409.0,259692,6139.0,237908.0,1443.0,95943.0,18.0,743.0,15645.0
2020-08-23,6327466.0,258249,6121.0,237165.0,1217.0,80302.0,19.0,795.0,14963.0
2020-08-22,6247164.0,257032,6102.0,236370.0,1309.0,93007.0,22.0,801.0,14560.0
2020-08-21,6154157.0,255723,6080.0,235569.0,1203.0,92227.0,22.0,772.0,14074.0
2020-08-20,6061930.0,254520,6058.0,234797.0,1412.0,92301.0,19.0,882.0,13665.0
2020-08-19,5969629.0,253108,6039.0,233915.0,1303.0,87223.0,23.0,1002.0,13154.0
2020-08-18,5882406.0,251805,6016.0,232913.0,1263.0,82318.0,20.0,942.0,12876.0
2020-08-17,5800088.0,250542,5996.0,231971.0,1233.0,74846.0,22.0,1002.0,12575.0
2020-08-16,5725242.0,249309,5974.0,230969.0,1192.0,65956.0,19.0,997.0,12366.0
2020-08-15,5659286.0,248117,5955.0,229972.0,1256.0,67214.0,21.0,992.0,12190.0
2020-08-14,5592072.0,246861,5934.0,228980.0,1226.0,70192.0,22.0,923.0,11947.0
2020-08-13,5521880.0,245635,5912.0,228057.0,1243.0,66892.0,21.0,968.0,11666.0
2020-08-12,5454988.0,244392,5891.0,227089.0,1212.0,67237.0,18.0,934.0,11412.0
2020-08-11,5387751.0,243180,5873.0,226155.0,1183.0,61716.0,15.0,1185.0,11152.0
2020-08-10,5326035.0,241997,5858.0,224970.0,1193.0,62219.0,14.0,1211.0,11169.0
2020-08-09,5263816.0,240804,5844.0,223759.0,1182.0,61446.0,15.0,1103.0,11201.0
2020-08-08,5202370.0,239622,5829.0,222656.0,1172.0,63842.0,16.0,1082.0,11137.0
2020-08-07,5138528.0,238450,5813.0,221574.0,1185.0,56726.0,15.0,1028.0,11063.0
2020-08-06,5081802.0,237265,5798.0,220546.0,1153.0,54494.0,14.0,1040.0,10921.0
2020-08-05,5027308.0,236112,5784.0,219506.0,1178.0,53842.0,19.0,1015.0,10822.0
2020-08-04,4973466.0,234934,5765.0,218491.0,1083.0,46249.0,18.0,994.0,10678.0
2020-08-03,4927217.0,233851,5747.0,217497.0,995.0,41301.0,19.0,1003.0,10607.0
2020-08-02,4885916.0,232856,5728.0,216494.0,987.0,40247.0,18.0,978.0,10634.0
2020-08-01,4845669.0,231869,5710.0,215516.0,996.0,44846.0,19.0,981.0,10643.0
2020-07-31,4800823.0,230873,5691.0,214535.0,982.0,46492.0,17.0,996.0,10647.0
2020-07-30,4754331.0,229891,5674.0,213539.0,967.0,43236.0,15.0,982.0,10678.0
2020-07-29,4711095.0,228924,5659.0,212557.0,942.0,45712.0,14.0,996.0,10708.0
2020-07-28,4665383.0,227982,5645.0,211561.0,963.0,47412.0,15.0,1092.0,10776.0
2020-07-27,4617971.0,227019,5630.0,210469.0,919.0,45283.0,17.0,982.0,10920.0
2020-07-26,4572688.0,226100,5613.0,209487.0,927.0,40016.0,17.0,1010.0,11000.0
2020-07-25,4532672.0,225173,5596.0,208477.0,921.0,43312.0,16.0,1103.0,11100.0
2020-07-24,4489360.0,224252,5580.0,207374.0,937.0,42986.0,17.0,1009.0,11298.0
2020-07-23,4446374.0,223315,5563.0,206365.0,913.0,43343.0,18.0,1151.0,11387.0
2020-07-22,4403031.0,222402,5545.0,205214.0,902.0,43404.0,19.0,1203.0,11643.0
2020-07-21,4359627.0,221500,5526.0,204011.0,928.0,42846.0,18.0,1009.0,11963.0
2020-07-20,4316781.0,220572,5508.0,203002.0,931.0,43404.0,17.0,992.0,12062.0
2020-07-19,4273377.0,219641,5491.0,202010.0,924.0,41310.0,16.0,997.0,12140.0
2020-07-18,4232067.0,218717,5475.0,201013.0,918.0,40943.0,17.0,1179.0,12229.0
2020-07-17,4191124.0,217799,5458.0,199834.0,926.0,41215.0,18.0,1014.0,12507.0
2020-07-16,4149909.0,216873,5440.0,198820.0,933.0,42411.0,21.0,1087.0,12613.0
2020-07-15,4107498.0,215940,5419.0,197733.0,947.0,42320.0,17.0,1013.0,12788.0
2020-07-14,4065178.0,214993,5402.0,196720.0,992.0,43231.0,20.0,1049.0,12871.0
2020-07-13,4021947.0,214001,5382.0,195671.0,1008.0,46492.0,19.0,1156.0,12948.0
2020-07-12,3975455.0,212993,5363.0,194515.0,1012.0,45232.0,19.0,1298.0,13115.0
2020-07-11,3930223.0,211981,5344.0,193217.0,1016.0,48813.0,21.0,1334.0,13420.0
2020-07-10,3881410.0,210965,5323.0,191883.0,1003.0,48787.0,23.0,1493.0,13759.0
2020-07-09,3832623.0,209962,5300.0,190390.0,1024.0,50103.0,18.0,2879.0,14272.0
2020-07-08,3782520.0,208938,5282.0,187511.0,1041.0,49302.0,22.0,2219.0,16145.0
2020-07-07,3733218.0,207897,5260.0,185292.0,1053.0,50545.0,19.0,2297.0,17345.0
2020-07-06,3682673.0,206844,5241.0,182995.0,1086.0,52193.0,16.0,2315.0,18608.0
2020-07-05,3630480.0,205758,5225.0,180680.0,1148.0,46414.0,19.0,1188.0,19853.0
2020-07-04,3584066.0,204610,5206.0,179492.0,1154.0,48248.0,20.0,1214.0,19912.0
2020-07-03,3535818.0,203456,5186.0,178278.0,1172.0,52141.0,19.0,1313.0,19992.0
2020-07-02,3483677.0,202284,5167.0,176965.0,1186.0,49714.0,17.0,1543.0,20152.0
2020-07-01,3433963.0,201098,5150.0,175422.0,1192.0,52313.0,19.0,2311.0,20526.0
2020-06-30,3381650.0,199906,5131.0,173111.0,1293.0,50492.0,16.0,1302.0,21664.0
2020-06-29,3331158.0,198613,5115.0,171809.0,1374.0,51014.0,18.0,1214.0,21689.0
2020-06-28,3280144.0,197239,5097.0,170595.0,1356.0,48309.0,15.0,1413.0,21547.0
2020-06-27,3231835.0,195883,5082.0,169182.0,1372.0,45213.0,17.0,1984.0,21619.0
2020-06-26,3186622.0,194511,5065.0,167198.0,1396.0,51198.0,19.0,1492.0,22248.0
2020-06-25,3135424.0,193115,5046.0,165706.0,1458.0,52303.0,21.0,1472.0,22363.0
2020-06-24,3083121.0,191657,5025.0,164234.0,1492.0,53486.0,24.0,1386.0,22398.0
2020-06-23,3029635.0,190165,5001.0,162848.0,1268.0,42982.0,27.0,1315.0,22316.0
2020-06-22,2986653.0,188897,4974.0,161533.0,1212.0,41413.0,24.0,1293.0,22390.0
2020-06-21,2945240.0,187685,4950.0,160240.0,1192.0,40496.0,23.0,1412.0,22495.0
2020-06-20,2904744.0,186493,4927.0,158828.0,1248.0,41112.0,22.0,1312.0,22738.0
2020-06-19,2863632.0,185245,4905.0,157516.0,1214.0,41316.0,23.0,1494.0,22824.0
2020-06-18,2822316.0,184031,4882.0,156022.0,1304.0,48412.0,21.0,1382.0,23127.0
2020-06-17,2773904.0,182727,4861.0,154640.0,1429.0,52901.0,19.0,1261.0,23226.0
2020-06-16,2721003.0,181298,4842.0,153379.0,1467.0,46800.0,17.0,1015.0,23077.0
2020-06-15,2674203.0,179831,4825.0,152364.0,1592.0,42032.0,18.0,947.0,22642.0
2020-06-14,2632171.0,178239,4807.0,151417.0,1562.0,45176.0,15.0,1330.0,22015.0
2020-06-13,2586995.0,176677,4792.0,150087.0,1459.0,45092.0,14.0,985.0,21798.0
2020-06-12,2541903.0,175218,4778.0,149102.0,1195.0,41013.0,15.0,1242.0,21338.0
2020-06-11,2500890.0,174023,4763.0,147860.0,987.0,49190.0,17.0,1021.0,21400.0
2020-06-10,2451700.0,173036,4746.0,146839.0,922.0,36521.0,17.0,2241.0,21451.0
2020-06-09,2415179.0,172114,4729.0,144598.0,993.0,37225.0,18.0,3218.0,22787.0
2020-06-08,2377954.0,171121,4711.0,141380.0,989.0,39361.0,19.0,3411.0,25030.0
2020-06-07,2338593.0,170132,4692.0,137969.0,914.0,35335.0,23.0,2647.0,27471.0
2020-06-06,2303258.0,169218,4669.0,135322.0,878.0,35846.0,21.0,1922.0,29227.0
2020-06-05,2267412.0,168340,4648.0,133400.0,930.0,57829.0,18.0,1622.0,30292.0
2020-06-04,2209583.0,167410,4630.0,131778.0,988.0,54234.0,21.0,926.0,31002.0
2020-06-03,2155349.0,166422,4609.0,130852.0,867.0,52305.0,24.0,931.0,30961.0
2020-06-02,2103044.0,165555,4585.0,129921.0,786.0,32325.0,22.0,974.0,31049.0
2020-06-01,2070719.0,164769,4563.0,128947.0,827.0,31525.0,23.0,974.0,31259.0
2020-05-31,2039194.0,163942,4540.0,127973.0,839.0,35600.0,25.0,989.0,31429.0
2020-05-30,2003594.0,163103,4515.0,126984.0,983.0,39230.0,26.0,1021.0,31604.0
2020-05-29,1964364.0,162120,4489.0,125963.0,1141.0,36155.0,28.0,1594.0,31668.0
2020-05-28,1928209.0,160979,4461.0,124369.0,1182.0,33559.0,30.0,1576.0,32149.0
2020-05-27,1894650.0,159797,4431.0,122793.0,1035.0,21043.0,34.0,1286.0,32573.0
2020-05-26,1873607.0,158762,4397.0,121507.0,948.0,19853.0,28.0,1492.0,32858.0
2020-05-25,1853754.0,157814,4369.0,120015.0,987.0,21492.0,29.0,1321.0,33430.0
2020-05-24,1832262.0,156827,4340.0,118694.0,1141.0,24589.0,32.0,1092.0,33793.0
2020-05-23,1807673.0,155686,4308.0,117602.0,1186.0,40178.0,32.0,1491.0,33776.0
2020-05-22,1767495.0,154500,4276.0,116111.0,952.0,37507.0,27.0,1121.0,34113.0
2020-05-21,1729988.0,153548,4249.0,114990.0,961.0,33633.0,27.0,1003.0,34309.0
2020-05-20,1696355.0,152587,4222.0,113987.0,972.0,20838.0,23.0,1092.0,34378.0
2020-05-19,1675517.0,151615,4199.0,112895.0,1022.0,25382.0,28.0,1318.0,34521.0
2020-05-18,1650135.0,150593,4171.0,111577.0,1158.0,25141.0,31.0,1615.0,34845.0
2020-05-17,1624994.0,149435,4140.0,109962.0,1368.0,35369.0,44.0,1825.0,35333.0
2020-05-16,1589625.0,148067,4096.0,108137.0,1610.0,42236.0,41.0,2004.0,35834.0
2020-05-15,1547389.0,146457,4055.0,106133.0,1708.0,38565.0,48.0,2103.0,36269.0
2020-05-14,1508824.0,144749,4007.0,104030.0,1635.0,34821.0,55.0,2315.0,36712.0
2020-05-13,1474003.0,143114,3952.0,101715.0,1639.0,33332.0,58.0,2826.0,37447.0
2020-05-12,1440671.0,141475,3894.0,98889.0,1704.0,37351.0,53.0,3109.0,38692.0
2020-05-11,1403320.0,139771,3841.0,95780.0,1114.0,32722.0,55.0,3089.0,40150.0
2020-05-10,1370598.0,138657,3786.0,92691.0,1542.0,36187.0,47.0,3211.0,42180.0
2020-05-09,1334411.0,137115,3739.0,89480.0,1546.0,35605.0,50.0,3084.0,43896.0
2020-05-08,1298806.0,135569,3689.0,86396.0,1848.0,33687.0,48.0,3412.0,45484.0
2020-05-07,1265119.0,133721,3641.0,82984.0,1977.0,30395.0,57.0,4782.0,47096.0
2020-05-06,1234724.0,131744,3584.0,78202.0,2253.0,30303.0,64.0,4917.0,49958.0
2020-05-05,1204421.0,129491,3520.0,73285.0,1832.0,33283.0,59.0,5119.0,52686.0
2020-05-04,1171138.0,127659,3461.0,68166.0,1614.0,35771.0,64.0,5015.0,56032.0
2020-05-03,1135367.0,126045,3397.0,63151.0,1670.0,24001.0,61.0,4892.0,59497.0
2020-05-02,1111366.0,124375,3336.0,58259.0,1983.0,36318.0,78.0,4451.0,62780.0
2020-05-01,1075048.0,122392,3258.0,53808.0,2188.0,41431.0,84.0,4922.0,65326.0
2020-04-30,1033617.0,120204,3174.0,48886.0,2615.0,42004.0,93.0,4846.0,68144.0
2020-04-29,991613.0,117589,3081.0,44040.0,2936.0,43498.0,89.0,5231.0,70468.0
2020-04-28,948115.0,114653,2992.0,38809.0,2392.0,29230.0,92.0,5018.0,72852.0
2020-04-27,918885.0,112261,2900.0,33791.0,2131.0,20143.0,95.0,4651.0,75570.0
2020-04-26,898742.0,110130,2805.0,29140.0,2357.0,30177.0,99.0,3558.0,78185.0
2020-04-25,868565.0,107773,2706.0,25582.0,2861.0,38308.0,106.0,3845.0,79485.0
2020-04-24,830257.0,104912,2600.0,21737.0,3122.0,38351.0,109.0,3246.0,80575.0
2020-04-23,791906.0,101790,2491.0,18491.0,3116.0,40962.0,115.0,2014.0,80808.0
2020-04-22,750944.0,98674,2376.0,16477.0,3083.0,37535.0,117.0,1559.0,79821.0
2020-04-21,713409.0,95591,2259.0,14918.0,4611.0,39429.0,119.0,1488.0,78414.0
2020-04-20,673980.0,90980,2140.0,13430.0,4674.0,39703.0,123.0,1454.0,75410.0
2020-04-19,634277.0,86306,2017.0,11976.0,3977.0,35344.0,127.0,1523.0,72313.0
2020-04-18,598933.0,82329,1890.0,10453.0,3783.0,40520.0,121.0,1822.0,69986.0
2020-04-17,558413.0,78546,1769.0,8631.0,4353.0,40270.0,126.0,1542.0,68146.0
2020-04-16,518143.0,74193,1643.0,7089.0,4801.0,40427.0,125.0,1415.0,65461.0
2020-04-15,477716.0,69392,1518.0,5674.0,4281.0,34090.0,115.0,875.0,62200.0
2020-04-14,443626.0,65111,1403.0,4799.0,4062.0,33070.0,107.0,842.0,58909.0
2020-04-13,410556.0,61049,1296.0,3957.0,4093.0,34456.0,98.0,511.0,55796.0
2020-04-12,376100.0,56956,1198.0,3446.0,4789.0,35720.0,97.0,481.0,52312.0
2020-04-11,340380.0,52167,1101.0,2965.0,5138.0,33170.0,95.0,542.0,48101.0
2020-04-10,307210.0,47029,1006.0,2423.0,4747.0,30864.0,98.0,281.0,43600.0
2020-04-09,276346.0,42282,908.0,2142.0,4056.0,28578.0,96.0,296.0,39232.0
2020-04-08,247768.0,38226,812.0,1846.0,4117.0,24900.0,87.0,264.0,35568.0
2020-04-07,222868.0,34109,725.0,1582.0,3892.0,20023.0,76.0,256.0,31802.0
2020-04-06,202845.0,30217,649.0,1326.0,3148.0,21400.0,75.0,284.0,28242.0
2020-04-05,181445.0,27069,574.0,1042.0,3135.0,20065.0,73.0,256.0,25453.0
2020-04-04,161380.0,23934,501.0,786.0,3013.0,19664.0,76.0,302.0,22647.0
2020-04-03,141716.0,20921,425.0,484.0,2786.0,16160.0,69.0,0.0,20012.0
2020-04-02,125556.0,18135,356.0,415.0,2456.0,18757.0,79.0,0.0,17364.0
2020-04-01,106799.0,15679,277.0,333.0,2148.0,14396.0,63.0,0.0,15069.0
2020-03-31,92403.0,13531,214.0,243.0,2704.0,15422.0,46.0,0.0,13074.0
2020-03-30,76981.0,10827,168.0,162.0,1610.0,11535.0,37.0,0.0,10497.0
2020-03-29,65446.0,9217,131.0,105.0,1815.0,9982.0,23.0,0.0,8981.0
2020-03-28,55464.0,7402,108.0,70.0,1704.0,7641.0,16.0,0.0,7224.0
2020-03-27,47823.0,5698,92.0,42.0,2069.0,7533.0,17.0,0.0,5564.0
2020-03-26,0.0,3629,75.0,0.0,0.0,0.0,0.0,0.0,3554.0
2020-03-25,0.0,2433,59.0,0.0,0.0,0.0,0.0,0.0,2374.0
2020-03-24,0.0,1872,44.0,0.0,0.0,0.0,0.0,0.0,1828.0
2020-03-23,0.0,1529,37.0,0.0,0.0,0.0,0.0,0.0,1492.0
2020-03-22,0.0,1236,30.0,0.0,0.0,0.0,0.0,0.0,1206.0
2020-03-21,0.0,947,21.0,0.0,0.0,0.0,0.0,0.0,926.0
2020-03-20,0.0,670,9.0,0.0,0.0,0.0,0.0,0.0,661.0
2020-03-19,0.0,359,4.0,0.0,0.0,0.0,0.0,0.0,355.0
2020-03-18,0.0,191,2.0,0.0,0.0,0.0,0.0,0.0,189.0
2020-03-17,0.0,98,1.0,0.0,0.0,0.0,0.0,0.0,97.0
2020-03-16,0.0,47,0.0,0.0,0.0,0.0,0.0,0.0,47.0
2020-03-15,0.0,18,0.0,0.0,0.0,0.0,0.0,0.0,18.0
2020-03-14,0.0,6,0.0,0.0,0.0,0.0,0.0,0.0,6.0
2020-03-13,0.0,5,0.0,0.0,0.0,0.0,0.0,0.0,5.0
2020-03-12,0.0,1,0.0,0.0,0.0,0.0,0.0,0.0,1.0
2020-03-11,0.0,1,0.0,0.0,0.0,0.0,0.0,0.0,1.0
